<?xml version="1.0" encoding="UTF-8"?>
<project version="4">
  <component name="AndroidLayouts">
    <shared>
      <config />
    </shared>
    <layouts>
      <layout url="file://$PROJECT_DIR$/app/src/main/res/layout/activity_main.xml">
        <config>
          <theme>@style/Theme.FatihKazdalHafta8</theme>
        </config>
      </layout>
      <layout url="file://$PROJECT_DIR$/app/src/main/res/layout/activity_main10.xml">
        <config>
          <theme>@style/Theme.FatihKazdalHafta8</theme>
        </config>
      </layout>
      <layout url="file://$PROJECT_DIR$/app/src/main/res/layout/activity_main2.xml">
        <config>
          <theme>@style/Theme.FatihKazdalHafta8</theme>
        </config>
      </layout>
      <layout url="file://$PROJECT_DIR$/app/src/main/res/layout/activity_main3.xml">
        <config>
          <theme>@style/Theme.FatihKazdalHafta8</theme>
        </config>
      </layout>
      <layout url="file://$PROJECT_DIR$/app/src/main/res/layout/activity_main4.xml">
        <config>
          <theme>@style/Theme.FatihKazdalHafta8</theme>
        </config>
      </layout>
      <layout url="file://$PROJECT_DIR$/app/src/main/res/layout/activity_main5.xml">
        <config>
          <theme>@style/Theme.FatihKazdalHafta8</theme>
        </config>
      </layout>
      <layout url="file://$PROJECT_DIR$/app/src/main/res/layout/activity_main6.xml">
        <config>
          <theme>@style/Theme.FatihKazdalHafta8</theme>
        </config>
      </layout>
      <layout url="file://$PROJECT_DIR$/app/src/main/res/layout/activity_main7.xml">
        <config>
          <theme>@style/Theme.FatihKazdalHafta8</theme>
        </config>
      </layout>
      <layout url="file://$PROJECT_DIR$/app/src/main/res/layout/activity_main8.xml">
        <config>
          <theme>@style/Theme.FatihKazdalHafta8</theme>
        </config>
      </layout>
      <layout url="file://$PROJECT_DIR$/app/src/main/res/layout/activity_main9.xml">
        <config>
          <theme>@style/Theme.FatihKazdalHafta8</theme>
        </config>
      </layout>
    </layouts>
  </component>
  <component name="AutoImportSettings">
    <option name="autoReloadType" value="NONE" />
  </component>
  <component name="ChangeListManager">
    <list default="true" id="44999177-c6f1-416f-92ac-dc128ea1487a" name="Changes" comment="" />
    <option name="SHOW_DIALOG" value="false" />
    <option name="HIGHLIGHT_CONFLICTS" value="true" />
    <option name="HIGHLIGHT_NON_ACTIVE_CHANGELIST" value="false" />
    <option name="LAST_RESOLUTION" value="IGNORE" />
  </component>
  <component name="ClangdSettings">
    <option name="formatViaClangd" value="false" />
  </component>
  <component name="ExecutionTargetManager" SELECTED_TARGET="device_and_snapshot_combo_box_target[DeviceId(pluginId=LocalEmulator, isTemplate=false, identifier=path=C:\Users\gullu\.android\avd\Medium_Phone.avd)]" />
  <component name="ExternalProjectsData">
    <projectState path="$PROJECT_DIR$">
      <ProjectState />
    </projectState>
  </component>
  <component name="ProjectColorInfo"><![CDATA[{
  "associatedIndex": 2
}]]></component>
  <component name="ProjectId" id="2w1ucqL43CjL9CFvTDUydb4QPtk" />
  <component name="ProjectViewState">
    <option name="hideEmptyMiddlePackages" value="true" />
    <option name="showLibraryContents" value="true" />
  </component>
  <component name="PropertiesComponent"><![CDATA[{
  "keyToString": {
    "Android App.app.executor": "Run",
    "RunOnceActivity.ShowReadmeOnStart": "true",
    "RunOnceActivity.cidr.known.project.marker": "true",
    "RunOnceActivity.readMode.enableVisualFormatting": "true",
    "cf.first.check.clang-format": "false",
    "cidr.known.project.marker": "true",
    "kotlin-language-version-configured": "true"
  }
}]]></component>
  <component name="RecentsManager">
    <key name="android.template.-2139605601">
      <recent name="com.example.fatihkazdalhafta8" />
    </key>
  </component>
  <component name="RunManager">
    <configuration name="app" type="AndroidRunConfigurationType" factoryName="Android App" activateToolWindowBeforeRun="false">
      <module name="FatihKazdalHafta8.app" />
      <option name="ANDROID_RUN_CONFIGURATION_SCHEMA_VERSION" value="1" />
      <option name="DEPLOY" value="true" />
      <option name="DEPLOY_APK_FROM_BUNDLE" value="false" />
      <option name="DEPLOY_AS_INSTANT" value="false" />
      <option name="ARTIFACT_NAME" value="" />
      <option name="PM_INSTALL_OPTIONS" value="" />
      <option name="ALL_USERS" value="false" />
      <option name="ALWAYS_INSTALL_WITH_PM" value="false" />
      <option name="ALLOW_ASSUME_VERIFIED" value="false" />
      <option name="CLEAR_APP_STORAGE" value="false" />
      <option name="DYNAMIC_FEATURES_DISABLED_LIST" value="" />
      <option name="ACTIVITY_EXTRA_FLAGS" value="" />
      <option name="MODE" value="default_activity" />
      <option name="RESTORE_ENABLED" value="false" />
      <option name="RESTORE_FILE" value="" />
      <option name="CLEAR_LOGCAT" value="false" />
      <option name="SHOW_LOGCAT_AUTOMATICALLY" value="false" />
      <option name="TARGET_SELECTION_MODE" value="DEVICE_AND_SNAPSHOT_COMBO_BOX" />
      <option name="SELECTED_CLOUD_MATRIX_CONFIGURATION_ID" value="-1" />
      <option name="SELECTED_CLOUD_MATRIX_PROJECT_ID" value="" />
      <option name="DEBUGGER_TYPE" value="Auto" />
      <Auto>
        <option name="USE_JAVA_AWARE_DEBUGGER" value="false" />
        <option name="SHOW_STATIC_VARS" value="true" />
        <option name="WORKING_DIR" value="" />
        <option name="TARGET_LOGGING_CHANNELS" value="lldb process:gdb-remote packets" />
        <option name="SHOW_OPTIMIZED_WARNING" value="true" />
        <option name="ATTACH_ON_WAIT_FOR_DEBUGGER" value="false" />
        <option name="DEBUG_SANDBOX_SDK" value="false" />
      </Auto>
      <Hybrid>
        <option name="USE_JAVA_AWARE_DEBUGGER" value="false" />
        <option name="SHOW_STATIC_VARS" value="true" />
        <option name="WORKING_DIR" value="" />
        <option name="TARGET_LOGGING_CHANNELS" value="lldb process:gdb-remote packets" />
        <option name="SHOW_OPTIMIZED_WARNING" value="true" />
        <option name="ATTACH_ON_WAIT_FOR_DEBUGGER" value="false" />
        <option name="DEBUG_SANDBOX_SDK" value="false" />
      </Hybrid>
      <Java>
        <option name="ATTACH_ON_WAIT_FOR_DEBUGGER" value="false" />
        <option name="DEBUG_SANDBOX_SDK" value="false" />
      </Java>
      <Native>
        <option name="USE_JAVA_AWARE_DEBUGGER" value="false" />
        <option name="SHOW_STATIC_VARS" value="true" />
        <option name="WORKING_DIR" value="" />
        <option name="TARGET_LOGGING_CHANNELS" value="lldb process:gdb-remote packets" />
        <option name="SHOW_OPTIMIZED_WARNING" value="true" />
        <option name="ATTACH_ON_WAIT_FOR_DEBUGGER" value="false" />
        <option name="DEBUG_SANDBOX_SDK" value="false" />
      </Native>
      <Profilers>
        <option name="ADVANCED_PROFILING_ENABLED" value="false" />
        <option name="STARTUP_PROFILING_ENABLED" value="false" />
        <option name="STARTUP_CPU_PROFILING_ENABLED" value="false" />
        <option name="STARTUP_CPU_PROFILING_CONFIGURATION_NAME" value="Java/Kotlin Method Sample (legacy)" />
        <option name="STARTUP_NATIVE_MEMORY_PROFILING_ENABLED" value="false" />
        <option name="NATIVE_MEMORY_SAMPLE_RATE_BYTES" value="2048" />
      </Profilers>
      <option name="DEEP_LINK" value="" />
      <option name="ACTIVITY" value="" />
      <option name="ACTIVITY_CLASS" value="" />
      <option name="SEARCH_ACTIVITY_IN_GLOBAL_SCOPE" value="false" />
      <option name="SKIP_ACTIVITY_VALIDATION" value="false" />
      <method v="2">
        <option name="Android.Gradle.BeforeRunTask" enabled="true" />
      </method>
    </configuration>
  </component>
  <component name="SpellCheckerSettings" RuntimeDictionaries="0" Folders="0" CustomDictionaries="0" DefaultDictionary="application-level" UseSingleDictionary="true" transferred="true" />
  <component name="TaskManager">
    <task active="true" id="Default" summary="Default task">
      <changelist id="44999177-c6f1-416f-92ac-dc128ea1487a" name="Changes" comment="" />
      <created>1745221483129</created>
      <option name="number" value="Default" />
      <option name="presentableId" value="Default" />
      <updated>1745221483129</updated>
    </task>
    <servers />
  </component>
  <component name="play_dynamic_filters_status">
    <option name="appIdToCheckInfo">
      <map>
        <entry key="com.example.fatihkazdalhafta8">
          <value>
            <CheckInfo lastCheckTimestamp="1745221515892" />
          </value>
        </entry>
        <entry key="com.example.fatihkazdalhafta8.test">
          <value>
            <CheckInfo lastCheckTimestamp="1745221515893" />
          </value>
        </entry>
      </map>
    </option>
  </component>
</project>